ANHO,MES_NRO,FECHA,MES,A granel - 1kg,A granel - 1kg,A granel - 1kg,A granel - 1kg,A granel - 1kg,A granel - 1kg,A granel - 1kg,Aceite de girasol - 900cc,Aceite de maíz - 1lt,Aceite de soja - 900cc,Carne bovina - 1kg,Carne bovina - 1kg,Carne bovina - 1kg,Carne bovina - 1kg,Carne bovina - 1kg,Carne bovina - 1kg,Carne bovina - 1kg,Carne bovina - 1kg,Carne bovina - 1kg,Carne bovina - 1kg,Carne bovina - 1kg,Carne bovina - 1kg,Carne bovina - 1kg,Carne bovina - 1kg,Carne bovina - 1kg,Carne bovina - 1kg,Carne bovina - 1kg,Carne bovina - 1kg,Carne bovina - 1kg,Carne bovina - 1kg,Carne bovina - 1kg,Carne bovina - 1kg,Carne bovina - 1kg,Carne bovina - 1kg,Carne bovina - 1kg,Carne bovina - 1kg,Carne bovina - 1kg,Carne bovina - 1kg,Carne bovina - 1kg,Carne bovina - 1kg,Carne bovina - 1kg,Carne bovina - 1kg,Carne de ave / Ala - 1kg,Carne de ave / Corazoncito - 1kg,Carne de ave / Hígado - 1kg,Carne de ave / pata entera - 1kg,Carne de ave / pechuga - 1kg,Carne de ave / pollo entero - 1kg,Carne de ave / Puchero - 1kg,Carne de ave / Tacaraa - 1kg,Carne porcina - 1kg,Carne porcina - 1kg,Carne porcina - 1kg,Carne porcina - 1kg,Carne porcina - 1kg,Carne porcina - 1kg,Carne porcina - 1kg,Crema dental - 90gr,Detergente líquido - 1/2 lt,Embutido / chorizo Viena - 1kg,Embutido / fiambre Paris - 1kg,"Fruta, hortaliza - 1kg","Fruta, hortaliza - 1kg","Fruta, hortaliza - 1kg","Fruta, hortaliza - 1kg","Fruta, hortaliza - 1kg","Fruta, hortaliza - 1kg","Fruta, hortaliza - 1kg","Fruta, hortaliza - 1kg","Fruta, hortaliza - 1kg",Huevos de gallina - 1/2 doc.,Jabón de baño - 90gr,Jabón en polvo p/ lavar - 400gr,Lavandina - 1lt,Leche sachet - 1/2 lt,Leche sachet - 1lt,Leche UHT - 1/2 lt,Leche UHT - 1lt,Panificado,Panificado,Panificado,Papel higiénico - 4 unid.,Queso - 1kg,Queso sándwich - 1kg,Sal fina - 500gr,Yogurt - 350 gr
ANHO,MES_NRO,FECHA,MES,Arroz,Azúcar,Fideo,Harina,Maíz,Poroto,Yerba,Marca mas económica,Marca mas económica,Marca mas económica,Bola de Lomo,Carnaza de blanca,Carnaza de negra,Carnaza de Primera,Carnaza de Segunda,Carne molida de primera,Carne molida de segunda,Cebo,Corazón,Costeleta,Costilla,Costilla de segunda,Espinazo Negro,Falda,Hígado,Hueso Blanco,Lomito,Lomo,Matambre,Mondongo,Muchachito,Osobuco,Paleta,Palomita,Peceto,Puchero de primera,Puchero de Segunda,Rabadilla,Sambari,Tapa Cuadril,Tapa de Asado,Vacío,Marca mas económica,Marca mas económica,Marca mas económica,Marca mas económica,Marca mas económica,Marca mas económica,Marca mas económica,Marca mas económica,Costeleta,Costilla de cerdo,Lomo de cerdo,Paleta de cerdo,Pierna,Puchero,Riñón,Marca mas económica,Marca mas económica,Marca mas económica,Marca mas económica,Banana carape,Cebolla de cabeza,Lechuga - 1 maso,Locote,Mandioca,Naranja,Papa negra,Tomate Sta. Cruz,Zanahoria,Marca mas económica,Marca mas económica,Marca mas económica,Marca mas económica,Marca mas económica,Marca mas económica,Marca mas económica,Marca mas económica,Galleta,Kokito,Pan Felipito,Marca mas económica,Queso Paraguay,Marca mas económica,Marca mas económica,Marca mas económica
2007,5,2007-05,MAYO,2114,3037,2572,2058,2340,3419,3452,15045,19852,11460,,15259,17312,17125,10689,17580,10001,,5879,,9900,,,,6448,,,19508,,6532,,,,,,5665,2306,,,,,,8355,12896,5467,10479,13240,8388,5203,7926,,,,,,,,2639,2048,11154,11886,1059,3010,1429,4696,594,2242,2695,4411,3171,2886,965,1598,2969,1209,2309,1638,3009,3130,4884,2812,1420,5632,6214,865,2015
2007,6,2007-06,JUNIO,2094,2999,2594,2030,3349,3469,3511,6250,11459,5750,,15350,17045,16880,10474,17242,10084,,5686,,8995,,,,6404,,,19003,,6658,,,,,,5669,2376,,,,,,7974,13063,5344,10348,13275,8174,4798,8000,,,,,,,,2660,1994,11120,11743,905,2951,1155,5847,553,1807,2386,4193,2680,2835,948,1619,2928,1220,2287,1647,3079,3088,4923,2753,1407,17704,22577,858,2017
2007,7,2007-07,JULIO,2101,2984,2580,2046,3527,3574,3562,6607,11337,6109,,15582,17464,17313,10618,17208,10006,,5889,,10278,,,,6633,,,19449,,7010,,,,,,5969,2647,,,,,,8164,13231,5262,10514,13377,8130,4992,7946,,,,,,,,2672,1945,10808,11498,1007,3183,628,4219,549,1798,2623,3595,2064,2850,955,1590,3065,1268,2393,1730,3166,3059,5066,2766,1410,18733,24740,903,2072
2007,8,2007-08,AGOSTO,2268,2965,2717,2278,1937,3967,3741,6985,11452,6506,,16541,18544,18240,11485,17741,10770,,6409,,11072,,,,7082,,,20468,,7542,,,,,,6483,2711,,,,,,8641,13434,5163,10827,13908,8395,5132,7883,,,,,,,,2752,1954,11251,11876,1189,3532,881,4033,614,1677,4244,4455,2003,2838,958,1619,2984,1353,2581,1843,3395,3242,5030,2920,1421,18507,25875,937,2126
2007,9,2007-09,SETIEMBRE,2307,2972,3028,2796,2350,4560,3719,7162,11750,6506,,18013,20003,19964,12202,18933,11281,,6549,,10986,,,,7678,,,21844,,7957,,,,,,6646,2470,,,,,,8721,13292,5162,11058,14225,8252,5233,7812,,,,,,,,2690,1876,11341,11794,1493,3447,593,5010,697,1609,4794,3910,1984,2858,932,1923,2725,1427,2773,1817,3505,3529,5410,3218,1423,18357,26551,948,2197
2007,10,2007-10,OCTUBRE,2434,2925,3292,2975,2665,5141,3737,7773,11794,6688,,19730,22055,21949,13758,20430,12382,,6976,,12961,,,,8325,,,23843,,8329,,,,,,7528,2996,,,,,,8743,12086,4860,10904,14178,7882,5450,7237,,,,,,,,2682,2020,11442,12014,1780,3448,578,4480,787,1819,5526,5501,3666,2794,940,1608,2999,1438,2750,1830,3551,3813,5699,3425,1457,18301,26840,966,2202
2007,11,2007-11,NOVIEMBRE,2452,2830,3293,2830,2972,6227,3629,8486,11834,7013,,19661,22258,22108,14042,21100,12686,,7153,,13760,,,,8512,,,24495,,8555,,,,,,7681,3201,,,,,,8920,12657,4663,10969,13360,7797,5513,7987,,,,,,,,2766,2045,11805,12645,2322,3018,1203,3746,780,1866,3724,1340,3463,2677,1007,1658,3129,1549,2987,1978,3723,3588,5765,3239,1448,17629,26775,941,2229
2007,12,2007-12,DICIEMBRE,2496,2833,3383,2768,2952,6866,3719,8783,11992,7047,,19925,22190,22278,14078,20741,12589,,6946,,13334,,,,7965,,,24391,,8086,,,,,,7544,2478,,,,,,9159,11355,3952,11123,12396,8014,5562,7954,,,,,,,,2691,2084,12057,12862,3014,3205,885,3806,784,1894,2797,2312,2862,2648,1038,1677,3218,1572,2998,2050,3811,3547,5808,3213,1493,15419,25796,937,2252
2008,1,2008-01,ENERO,2451,2985,3441,3005,2803,4420,3532,9093,12465,6906,,20833,24033,25476,13990,21119,10547,,7333,,13334,,,,7510,,,26220,,7739,,,,,,7474,2690,,,,,,9962,11300,3391,12149,11844,8862,5130,5927,,,,,,,,3166,1641,12329,13426,1990,4275,2045,2707,939,1616,3073,4221,3742,2764,1293,3284,2424,1526,3010,1945,3681,3644,5720,3161,1833,14201,24483,1048,2381
2008,2,2008-02,FEBRERO,2481,2745,3324,2758,2832,5000,3519,10797,12361,8125,,20458,23251,23133,13884,21484,12166,,7121,,12133,,,,7328,,,25606,,7287,,,,,,7893,2842,,,,,,9994,10946,3289,12168,12265,9022,5316,5199,,,,,,,,2905,2118,13063,14052,1497,4255,1443,2883,1200,1982,3806,4004,3497,3092,1008,1700,3353,1556,2971,2020,3724,3767,5815,3273,1563,16397,23831,998,2241
2008,3,2008-03,MARZO,2522,2671,3545,2851,2620,4860,3672,11050,12723,8993,,20692,23072,22700,14114,21412,12128,,7161,,12356,,,,7401,,,25551,,7272,,,,,,8060,2910,,,,,,10327,10353,3337,12757,12301,8943,5482,4861,,,,,,,,2974,2221,14099,14920,1592,4006,935,3918,1207,2182,5056,5376,3773,3344,1039,1691,3309,1587,2938,2011,3730,3872,6047,3293,1598,18623,24619,951,2188
2008,4,2008-04,ABRIL,2530,2711,3633,2965,2542,4963,3578,19393,25937,13428,,20234,22954,22767,14194,21315,12338,,7241,,12725,,,,8386,,,25064,,7972,,,,,,7541,3019,,,,,,10065,10897,3286,12361,11932,9027,5386,5034,,,,,,,,3128,2227,13838,14811,1543,4302,1084,4136,1138,2161,3885,5568,3649,3346,1009,1762,3519,1608,2985,2036,3696,3942,6239,3475,1626,9805,11798,990,2212
2008,5,2008-05,MAYO,2837,2754,3884,3094,2557,4951,3591,11525,13719,9379,,20334,23116,23097,14417,21508,12592,,7210,,13014,,,,9004,,,25412,,8197,,,,,,7591,3247,,,,,,9776,9069,3444,11322,11476,8350,5037,6668,,,,,,,,3097,2265,13607,14203,1391,3142,1289,4538,985,1947,2688,3279,3093,3280,1063,1816,3617,1608,3044,2048,3782,4145,6200,3526,1581,21950,29784,971,2234
2008,6,2008-06,JUNIO,3331,2828,3948,3183,2689,5074,3719,11551,14667,9622,,20580,23350,23208,14462,21644,12646,,7180,,12551,,,,8979,,,25808,,8193,,,,,,7865,3366,,,,,,9896,8861,3656,11544,10787,8081,5112,6893,,,,,,,,3050,2180,13936,14964,1305,3799,846,5023,955,1863,3174,5168,3502,3299,1044,1785,3549,1656,3180,2151,3927,4029,6421,3570,1587,14667,24377,997,2278
2008,7,2008-07,JULIO,3512,2881,3912,3252,2866,5995,3754,11945,14931,9567,,21397,24243,23786,15019,22629,13295,,7691,,13002,,,,9315,,,26652,,8850,,,,,,8397,3690,,,,,,10361,10309,3616,12376,10615,8608,5641,7851,,,,,,,,2971,2303,14300,15252,1316,3373,891,4206,987,1845,2589,5275,3462,3311,1044,1896,3532,1655,3236,2157,3987,4164,6596,3619,1569,27075,31576,1065,2346
2008,8,2008-08,AGOSTO,3531,2837,3902,3171,2800,6728,3727,11975,14952,9143,,22208,25027,24990,15604,23125,13613,,8156,,14538,,,,9824,,,27303,,9342,,,,,,8963,3747,,,,,,10870,11218,3681,13061,11092,9162,5673,8568,,,,,,,,2920,2160,14119,14984,1356,4469,751,4134,999,1827,2426,4156,1745,3282,1069,1804,3366,1679,3216,2172,3942,4105,6506,3509,1543,23610,29333,1027,2330
2008,9,2008-09,SETIEMBRE,3454,2789,3986,3054,2640,6562,3576,11754,15945,8219,,22678,25164,24991,15821,23535,13751,,8488,,13892,,,,10124,,,27696,,10398,,,,,,8949,3300,,,,,,11714,12141,4001,13690,11960,9736,5968,9197,,,,,,,,3534,2271,14102,15356,1229,3787,607,4230,1041,1837,2255,2796,1310,3236,1202,1903,3668,1680,3234,2189,4005,4066,6562,3471,1592,20163,26671,1050,2372
2008,10,2008-10,OCTUBRE,3421,2814,3881,2737,2487,5954,3541,11555,16100,7566,,21541,23981,23889,14687,22115,13306,,8606,,14883,,,,10207,,,26560,,10265,,,,,,8811,3665,,,,,,11173,11371,3809,13616,12203,9321,5652,8696,,,,,,,,3505,2283,14113,15345,1445,3486,536,3325,1110,1926,2167,1839,1326,2858,1142,1833,3795,1646,3208,2107,3901,3940,6366,3356,1645,18554,23812,1069,2368
2008,11,2008-11,NOVIEMBRE,3319,2833,3804,2451,2585,5511,3484,11570,16270,7389,,20253,22987,22904,13816,20932,12333,,8596,,15393,,,,9995,,,25520,,10190,,,,,,8183,3556,,,,,,10270,10591,3502,13142,12263,8805,5163,7326,,,,,,,,3662,2344,14191,15386,1960,2548,586,3225,1148,1877,2251,2272,1401,2646,1142,1829,3912,1623,3111,2083,3819,3759,6177,3125,1717,17670,22375,1091,2386
2008,12,2008-12,DICIEMBRE,3060,2741,3636,2148,2388,5175,3563,11310,16205,6694,,19370,22267,22326,13177,20595,11916,,8091,,14910,,,,8821,,,24744,,9364,,,,,,8182,2867,,,,,,10083,10685,3406,12275,12870,7764,4255,6331,,,,,,,,3776,2375,14109,15166,2061,2552,505,6354,1428,1798,2933,5226,2072,2559,1112,1822,3890,1528,2875,2032,3621,3784,6172,3149,1694,15995,19737,1088,2321
2009,1,2009-01,ENERO,2854,2933,3558,2127,2738,5011,2903,14388,18141,15593,,18133,21418,21563,11963,20476,11170,,6663,,14875,,,,6415,,,24080,,7096,,,,,,8105,2811,,,,,,9430,10809,3559,13188,13645,9149,5000,7679,,,,,,,,3983,2764,13926,14674,2150,3052,1369,4562,1578,2018,3189,5275,3720,2691,1190,1756,4296,1453,2879,1973,3596,3834,6249,3260,1558,6177,10286,1064,2328
2009,2,2009-02,FEBRERO,2822,2974,3423,2160,2973,5276,2819,9888,14732,6145,20531,18479,21824,21472,12658,19360,10424,1744,6453,,12519,,8471,,6937,1475,,24220,12332,7858,20060,8933,18385,25242,,8011,2764,24512,15435,27524,16499,,10245,10773,3400,12549,13768,8921,5377,7231,,,,,,,,4062,1632,13742,14381,2067,3166,2038,3925,1445,2301,3226,4206,4281,2773,1280,4233,2588,1498,2878,1828,3512,3798,6168,3073,1884,14806,18904,1092,2347
2009,3,2009-03,MARZO,2893,3078,3446,2205,2810,5291,3371,9133,14541,6350,20817,18693,21661,21451,12224,19430,10492,1333,7192,,11372,,6632,,7397,952,,24688,11530,8094,19173,8269,18352,24129,,6956,2410,23832,14835,25316,15490,,10207,10502,3362,12770,13684,9084,5531,7207,,,,,,,,4062,1784,13848,13639,2065,2815,1062,3937,1290,2393,3032,3836,4354,3099,1164,4013,2456,1463,2795,1941,3446,3570,5999,3045,1855,16457,19490,1133,2355
2009,4,2009-04,ABRIL,2897,3104,3333,2139,2760,5033,3171,8652,14484,6118,20636,18315,21085,20736,11994,19127,9983,1202,7251,,12363,,6707,,7675,962,,24681,11167,8425,18731,8466,18148,23291,,6906,2224,23456,14560,24997,15682,,10212,10460,3397,13421,13487,8926,5457,7158,,,,,,,,4013,1826,13623,14540,2070,2402,822,5023,1085,2233,2372,4639,5206,3239,1157,3966,2419,1412,2666,1816,3359,3572,6122,3079,1874,17347,20463,1097,2332
2009,5,2009-05,MAYO,2446,3193,3124,2022,3164,4944,3025,8299,14426,6176,19599,17965,20348,20014,12190,18749,9883,1249,6807,,11276,,6714,,7234,1172,,23557,10934,8324,18303,8211,17874,22730,,6771,2864,21562,14092,24253,15075,,9990,10580,3375,12892,13134,9034,5701,7136,,,,,,,,3998,1806,13183,13766,1858,1964,1662,3782,1020,2267,2472,4699,4792,3216,1124,3952,2437,1491,2840,1887,3475,3513,6093,2981,1901,17872,21849,1089,2307
2009,6,2009-06,JUNIO,2501,3212,3096,2109,3648,5076,3087,8207,14234,6096,21291,18707,21579,21525,13478,19507,10404,1400,7205,,11710,,7653,,7408,1241,,24862,11876,9079,18599,8925,18189,23194,,7388,3508,23062,14865,24688,14606,,9987,10566,3379,12102,10545,8706,5885,7102,,,,,,,,4152,1802,12993,13307,1445,2225,2314,4697,1080,2225,2599,4535,4557,3215,1103,3809,2496,1473,2805,1897,3445,3323,6090,2824,1854,21762,24702,1106,2299
2009,7,2009-07,JULIO,2637,3186,3265,2107,3972,5224,3131,8030,14275,6628,22271,19337,22766,22369,13897,20563,11471,1641,6989,,11704,,7603,,7296,1295,,25822,12624,9221,19275,9661,18886,23151,,8112,3113,24260,15581,25127,15446,,10114,10569,3390,13463,10418,8828,5887,7053,,,,,,,,4192,1808,13169,13617,1536,2379,1369,6642,1054,2062,2754,4230,4666,3220,1106,3999,2434,1489,2823,1980,3493,3381,6103,2755,1908,23178,25500,1105,2313
2009,8,2009-08,AGOSTO,2718,3178,3266,2194,3869,5531,3080,8277,14318,6383,23272,19993,24219,23488,13704,21837,11939,1771,7014,,11774,,8184,,7666,1501,,26830,12671,9311,20091,10020,19740,24499,,7982,3151,25163,16032,26343,15279,,10459,10507,3413,14134,10027,8684,5588,7021,,,,,,,,4297,1848,13256,13437,1773,3469,1321,5621,1019,1956,3239,5431,4604,3188,1111,4004,2394,1494,2798,1943,3614,3474,6109,3051,2012,21816,25429,1116,2315
2009,9,2009-09,SETIEMBRE,2611,3289,3253,2241,3951,5537,3092,8134,14296,6306,23233,20298,24005,23565,13583,21639,12208,1775,7000,,13421,,8530,,7742,1419,,26668,12837,9437,20279,10010,19030,24708,,8505,3444,25776,16290,26592,15232,,10405,10652,3346,14127,10709,8844,5474,7085,,,,,,,,4293,1874,12926,13377,2080,4231,642,6039,1066,2202,3611,6114,3926,3172,1099,4044,2330,1519,2863,1969,3624,3455,6131,3009,1987,20832,25658,1127,2292
2009,10,2009-10,OCTUBRE,2710,3953,3121,2216,4289,5363,3009,7971,14337,6386,23947,20649,24310,23833,14130,21692,11934,1758,7332,,13355,,8411,,7794,1483,,26097,12628,9333,20176,10381,19749,25434,,8468,3218,25854,16575,27164,15591,,10352,10605,3458,12483,11368,8687,4858,7123,,,,,,,,4265,1825,13282,13916,2300,4462,636,6186,1099,2215,5334,7263,3088,3168,1131,4031,2396,1506,2832,1987,3663,3487,6153,2980,1939,19675,24202,1137,2309
2009,11,2009-11,NOVIEMBRE,2765,4659,3205,2175,5108,5143,2960,7750,14366,6503,24203,20930,24761,24041,14031,21890,11672,1622,7755,,12027,,8227,,7957,1470,,26917,12767,8836,20698,10272,20364,25579,,8674,2562,25809,16718,27344,15069,,10981,10686,3566,12865,11198,8540,4211,7549,,,,,,,,4211,1783,14440,15048,2422,3484,778,8074,1140,2526,4627,5000,2879,3175,1198,3897,2454,1499,2820,1955,3588,3422,6209,2987,1916,18101,23840,1128,2279
2009,12,2009-12,DICIEMBRE,2811,4658,3165,2055,5184,5116,3083,7773,14436,6666,24084,20245,24804,24057,13752,21722,11389,1577,7492,,14897,,8389,,7085,1450,,27916,13328,7232,20591,10204,20285,26011,,8759,2427,25675,16615,27280,15152,,11662,10971,2759,12909,11453,8452,4160,7626,,,,,,,,4208,1793,14286,14928,3457,3257,1031,7760,1115,2331,4140,6223,3574,3164,1206,3974,2444,1495,2795,1968,3564,3334,6056,2827,1926,16183,22657,1153,2256
2010,1,2010-01,ENERO,2885,5011,3334,2042,4326,5291,3383,7971,14185,6891,24459,21392,25912,24609,13960,22221,11255,1690,6882,,15007,,7939,,6358,1513,,27909,12397,6850,20621,10011,21305,26742,,9189,2903,27002,16631,28503,15540,,11008,11255,2924,14503,11753,8733,4199,7940,,,,,,,,4276,1900,15161,15379,3095,3650,1584,5707,1340,2345,3127,6029,5023,3135,1316,4049,2636,1503,2833,1997,3626,3471,6048,2963,2160,15304,22118,1177,2240
2010,2,2010-02,FEBRERO,2790,5103,3202,1980,3826,4839,3158,7889,13973,6619,24227,21383,25210,24344,14011,22319,11104,1452,7549,18247,10433,7940,8846,9110,7180,1271,31362,27511,11658,7144,20934,10356,20482,27125,23346,8510,2559,26239,16570,28678,15561,12906,11625,10932,2567,14836,11504,9126,4420,7635,16917,19491,26676,16821,17316,5217,2355,4184,1857,14661,15399,2379,3537,1340,7911,1261,2450,2733,6382,5619,3238,1290,3950,2529,1485,2854,2029,3549,3340,5954,2826,2091,14459,19929,1172,2332
2010,3,2010-03,MARZO,2749,5572,3086,1921,3127,4768,3193,7876,13830,6260,24520,21277,25186,24115,13911,22036,10990,1451,7474,18436,11212,8851,8462,9339,6387,1394,31357,27543,11467,8588,20761,10483,20282,26828,23853,8315,2659,26292,16380,28426,15279,14507,11390,10893,2862,14909,13264,8921,4548,7512,16795,19432,24847,16913,17334,5357,2262,4257,1835,14531,15476,2374,3989,1759,7850,1165,2765,2872,5764,5351,3344,1305,3777,2482,1573,2887,2032,3632,3383,6084,2896,1933,18679,23593,1212,2375
2010,4,2010-04,ABRIL,2809,5633,3117,1869,2498,5266,3254,7864,13575,6210,24420,21664,25172,24788,14154,22524,10990,1345,7758,18692,10917,8371,8490,8917,7057,1464,31164,27455,11051,9288,21032,10285,20785,27239,23734,8573,3064,26293,16574,28613,15308,13988,11156,13002,3000,13272,13831,8426,4908,7502,16964,19813,25867,17099,17385,4707,2328,4123,1847,14673,15704,2196,3640,1561,8411,1109,2784,2666,8502,5947,3468,1277,3774,2473,1552,2968,2117,3820,3365,6057,2870,1946,20075,25959,1212,2398
2010,5,2010-05,MAYO,2707,5523,3126,1845,2461,5314,3141,7918,13696,6095,24494,21761,25826,24954,14434,23001,11367,1389,8153,18909,11901,9062,8515,9371,7665,1384,31416,27955,11194,10029,21570,10396,21201,27910,23385,8470,3190,26077,16481,29047,15651,14403,12074,13681,2995,12150,14111,8297,5080,7429,16772,19778,24607,16918,17368,5438,2845,4144,1847,14597,15433,1937,3461,1383,7258,1103,2785,2412,6221,4682,3529,1330,3870,2457,1550,3017,2147,3846,3277,6056,2834,1988,19933,27869,1264,2380
2010,6,2010-06,JUNIO,2622,5356,3061,1946,2185,5122,3271,7993,14089,6169,24665,21771,25671,25095,14575,23088,11125,1530,8288,18428,10632,8198,8963,8960,7985,1459,31534,27917,11231,9348,20874,10335,20902,27418,23539,8960,3235,26391,16894,28857,15669,13830,12062,13673,2905,11721,14024,8273,5176,6697,17166,19487,25629,16753,17106,5611,2334,4209,1849,14740,15615,1654,4069,1668,6102,930,2413,2734,5258,3942,3538,1334,3723,2547,1617,3137,2175,3946,3317,6047,2808,1965,24911,32775,1307,2407
2010,7,2010-07,JULIO,2736,5437,3118,1912,2819,5062,3203,7908,13832,6270,24465,21571,25413,24659,14217,22594,11115,1433,7844,18542,11019,8484,8655,9139,7255,1394,31366,27676,11320,8880,21034,10371,20730,27304,23571,8565,2941,26258,16580,28724,15493,13927,11661,12436,2866,13377,13347,8608,4826,7355,16923,19600,25525,16901,17302,5266,2425,4184,1847,14641,15525,2108,3739,1542,7506,1113,2639,2683,6426,5108,3423,1307,3819,2498,1556,2973,2100,3759,3336,6040,2847,1985,19611,26025,1234,2378
2010,8,2010-08,AGOSTO,2785,4896,3164,1933,2321,5310,3280,8304,13937,5865,27693,24641,28609,27988,16900,26025,14224,1780,8438,20378,13879,11467,10994,11199,7810,1921,36584,31119,14128,9684,23271,12404,23181,29626,25570,9929,4009,29575,18572,31551,17752,17517,12286,13896,2978,12472,12594,8508,5472,7093,16434,19826,23868,15843,16991,4895,2476,4361,1772,14744,15706,1784,3338,1095,4031,931,2162,2412,3359,1984,3437,1288,3792,2485,1697,3213,2131,4068,3373,6375,2902,2255,25583,37571,1306,2484
2010,9,2010-09,SETIEMBRE,2638,5143,3105,1935,2223,5341,3184,8241,14127,6228,29238,25796,30111,29535,17549,26304,13891,1636,8508,21094,12942,10533,11627,10354,7573,1951,38395,32672,13825,9357,23805,12755,24430,31003,26517,10688,4102,30593,19822,32865,17670,16118,12674,14174,3084,13119,11790,8610,5706,7565,16861,19932,23669,15954,16946,5116,2176,4390,1660,15518,15678,1712,3368,721,4438,1064,2148,2371,2012,1706,3401,1346,3758,2436,1704,3155,2213,4043,3500,6296,2881,2188,23618,35759,1303,2485
2010,10,2010-10,OCTUBRE,3372,6589,3894,2393,3002,6537,4020,10091,17420,7657,32639,28885,33908,33058,19419,30253,15431,1942,10308,24338,15093,11936,12189,12256,9572,2028,42324,36835,15425,11824,27638,14065,27611,35815,30645,11653,4369,34723,22087,37761,20559,18949,15189,16965,3707,15710,16466,10574,6565,9035,21039,24656,30825,20592,21428,6581,3064,5322,2244,18560,19489,2299,4494,1602,7334,1285,3037,3153,5819,4355,4332,1652,4740,3106,2031,3874,2691,4915,4201,7703,3568,2595,28414,40000,1604,3034
2010,11,2010-11,NOVIEMBRE,3538,6855,4086,2530,3137,6843,4239,10634,18351,8048,34675,30666,35928,35084,20665,32066,16447,2080,10847,25695,15891,12655,13107,12977,10049,2188,45051,39055,16483,12273,29156,14983,29214,37792,32461,12449,4664,36885,23489,39940,21786,20085,15968,17786,3885,16600,17055,11143,6936,9436,22106,25875,32379,21511,22443,6867,3119,5617,2343,19550,20503,2389,4752,1657,7353,1331,3100,3338,5719,4274,4533,1732,4958,3268,2151,4088,2827,5183,4432,8115,3751,2747,30534,43032,1688,3197
2010,12,2010-12,DICIEMBRE,3014,5784,3473,2140,2701,5819,3585,9036,15534,6814,29742,26312,30794,30065,17750,27448,14222,1774,9189,22009,13765,11015,11314,11185,8452,1896,38744,33471,14236,10403,24981,12916,25033,32308,27753,10657,4017,31607,20110,34168,18652,17319,13556,15052,3304,14256,14250,9488,5901,8097,18673,21978,27253,18160,19022,5745,2652,4775,1973,16603,17380,2059,3938,1323,6133,1145,2617,2791,4667,3485,3825,1465,4213,2758,1828,3461,2392,4393,3768,6906,3190,2354,25552,36477,1427,2716
2011,1,2011-01,ENERO,2775,7526,3168,2087,3191,7775,3509,9111,13970,7380,31807,28498,32633,32310,19810,28974,14961,1352,9735,23956,16359,12897,12572,12630,9060,1736,49295,35235,17038,11498,25392,13466,27795,36006,33511,10173,3740,34056,22784,39920,20871,22175,13303,14341,3865,16614,12854,10252,5995,8376,21413,24812,32709,20791,21237,5036,2249,4625,1793,16016,16220,3371,3101,1094,3621,1494,3428,2909,7007,2736,3032,1444,3818,2522,1693,3201,2187,4127,3330,6331,3081,2474,18481,33951,1315,2430
2011,2,2011-02,FEBRERO,2614,7179,3056,2212,2510,6355,3745,9552,13965,7301,30431,28064,30702,31061,20295,29282,16443,1338,8982,24045,14857,12753,13250,11923,8874,1984,47681,34839,15502,9891,25803,14673,28104,33029,30121,11101,4783,32613,23426,41586,20948,20370,13646,14446,4077,16451,12548,10046,5838,8663,19929,23087,31059,19602,20436,4739,2204,4538,1714,16304,16389,2934,3079,1821,4222,1555,3745,2786,5780,5633,3289,1522,3809,2543,1673,3132,2198,4152,3442,6578,2995,2438,18756,31572,1264,2580
2011,3,2011-03,MARZO,2691,6805,3096,2415,2736,6296,3286,9545,14645,7388,32381,28813,33827,33365,20722,30212,16750,1572,9933,24543,16171,13141,11606,13209,9017,1928,49120,35980,15659,10889,26620,14461,28885,34809,31674,12003,5156,34591,24154,41499,21086,21082,14747,14982,4548,17466,14130,10786,6036,9131,21241,24255,32521,20688,20705,5454,2310,4588,1675,17651,17164,2583,3209,2144,8260,1522,4059,2705,5458,6550,3619,1338,4042,2635,1768,3317,2302,4367,3736,6645,3367,2508,21643,33833,1314,2562
2011,4,2011-04,ABRIL,2972,6761,3265,2641,2893,7074,3056,9403,16142,7295,33019,29832,33943,34358,21325,30139,16220,1509,10820,23237,15808,12853,11231,13219,9779,2408,50517,36227,15039,11925,27691,13447,28195,37323,31357,11319,4772,35108,24165,44299,20244,19846,15247,16147,5061,17819,16917,10718,6792,9723,21166,24011,32369,21522,21538,5720,2682,4592,1889,18399,19300,2544,3272,1309,7245,1480,3866,2630,6344,6712,3828,1295,3932,2851,1808,3501,2333,4288,3747,6763,3257,2606,26060,36652,1511,2436
2011,5,2011-05,MAYO,2763,7068,3146,2339,2833,6875,3399,9403,14680,7341,31910,28802,32776,32774,20538,29652,16093,1443,9868,23945,15799,12911,12165,12745,9182,2014,49153,35570,15809,11051,26376,14012,28245,35292,31666,11149,4613,34092,23632,41826,20787,20868,14236,14979,4388,17088,14112,10450,6165,8973,20937,24041,32165,20651,20979,5237,2361,4586,1768,17093,17268,2858,3165,1592,5837,1513,3774,2758,6147,5408,3442,1400,3900,2638,1735,3288,2255,4234,3564,6579,3175,2507,21235,34002,1351,2502
2011,6,2011-06,JUNIO,2760,6953,3141,2402,2743,6650,3371,9476,14858,7331,31935,28877,32812,32890,20720,29821,16376,1465,9901,23943,15659,12914,12063,12774,9213,2083,49118,35654,15502,10939,26623,14148,28357,35113,31204,11393,4831,34101,23844,42302,20766,20541,14469,15139,4518,17206,14427,10500,6208,9123,20818,23849,32029,20616,20914,5287,2389,4576,1761,17362,17530,2730,3181,1717,6391,1517,3861,2720,5932,6075,3544,1389,3921,2667,1746,3310,2272,4260,3622,6641,3199,2515,21924,34015,1360,2520
2011,7,2011-07,JULIO,2797,6897,3162,2449,2801,6724,3278,9457,15081,7339,32311,29081,33339,33347,20826,29956,16360,1497,10130,23917,15859,12955,11766,12987,9298,2108,49477,35858,15503,11201,26828,14017,28420,35634,31475,11466,4843,34473,23949,42482,20721,20584,14675,15312,4629,17395,14896,10614,6300,9238,21040,24039,32271,20869,21034,5425,2436,4585,1773,17626,17816,2679,3207,1690,6933,1508,3890,2703,5970,6186,3608,1355,3949,2698,1764,3354,2291,4287,3667,6657,3250,2534,22715,34625,1384,2505
2011,8,2011-08,AGOSTO,2511,5829,3281,2542,3120,7172,4531,9537,15870,7098,29863,26302,31305,30437,19337,29456,16661,1876,10836,21879,18875,15138,11922,15946,8923,1917,46033,33659,17198,12120,25191,13210,26652,35490,28586,11679,4998,31872,22890,41074,20726,23722,12677,16279,4770,12333,15849,9636,6777,8237,18390,21392,29525,17260,17763,5955,2635,4758,2067,16473,17632,1786,4376,1513,9653,1290,1962,2672,6398,2181,3437,1421,3989,2827,1871,3654,2412,4506,3696,6925,3379,2737,29154,36561,1430,2785
2011,9,2011-09,SETIEMBRE,3053,6016,3381,2363,2101,7861,4060,9341,16389,6895,27007,25701,28211,28014,17852,28789,15940,1915,11051,22132,17235,14803,11049,15194,9808,2204,48610,33521,15441,11783,24437,13348,24924,36067,28181,11154,4636,30644,22294,41536,20293,22542,11219,16277,4737,12672,14590,9509,7072,8170,18787,21769,30216,16667,17174,6034,2947,4688,2112,17287,18577,1747,3938,842,8732,1245,2174,2799,9361,2196,3396,1387,4235,2943,1841,3595,2437,4572,3878,6792,3309,2805,24148,32633,1417,2903
2011,10,2011-10,OCTUBRE,2988,5682,3363,2319,2455,7872,3545,9349,16397,7088,23577,20597,23723,23936,14616,25621,14545,1677,10569,21454,24894,19677,11168,17946,9899,1381,40813,28143,19230,11969,18765,11742,20177,29977,23542,11422,4819,26529,18011,35667,16805,28016,10102,16117,4627,13212,12906,9503,6784,8079,20177,22927,26969,17516,17456,5635,3104,4747,2085,17531,18913,2109,3611,925,5441,1268,2493,2626,5917,2665,3320,1551,4190,2857,1819,3584,2382,4480,3775,6979,3256,2560,21839,29347,1411,2932
2011,11,2011-11,NOVIEMBRE,2587,5659,3269,2226,2780,7753,3358,9161,16063,7361,22924,19868,23022,23488,14694,22568,14499,1721,10935,21831,20173,16064,11923,15159,9019,1570,32998,25053,17004,12622,17700,12190,19530,29020,25298,11383,4615,24938,16486,33257,17756,25651,10504,16149,3533,15048,11798,10006,6849,8391,18862,23952,27681,18284,18845,6322,2374,4768,2008,16610,17507,2530,3047,1053,5389,1101,2353,2643,5852,3557,3330,1432,4248,2771,1788,3506,2391,4444,3714,6690,3225,2597,18917,27923,1354,2893
2011,12,2011-12,DICIEMBRE,2804,5210,3210,2166,2677,7070,4299,9406,15599,6939,23547,21243,23854,24198,15529,24184,14158,1803,10644,22376,20491,15831,11612,15169,8974,1293,35367,26926,17331,12140,18000,12552,20226,28268,24801,11483,3817,26021,16584,32925,17100,24546,10806,16156,2942,15871,10111,9213,6431,8400,18847,23242,26507,18641,18703,5812,2267,4729,2108,16402,18362,3731,3851,1173,4258,1049,2465,3532,5839,3329,3247,1383,4316,2770,1755,3347,2309,4377,3753,6779,3358,2768,19743,26695,1391,2839
2012,1,2012-01,ENERO,3037,5712,2955,2216,3285,6176,3468,9822,15297,6927,21557,21320,22718,24031,15007,22867,13535,1504,10467,21280,17835,13315,11484,14234,6513,1176,37309,27734,14953,12491,19217,12496,20499,28234,25020,11433,4142,26847,16901,33862,17605,22523,10826,16342,4926,16747,10117,9179,6405,8758,18781,20607,26589,17817,18232,5581,1676,4648,2157,16396,17578,4031,3372,1111,3527,1726,2654,3925,6811,4961,3240,1500,4092,3079,1783,3306,2262,4178,3625,6790,3188,2884,19079,25182,1345,2713
2012,2,2012-02,FEBRERO,2770,5751,2930,2091,2747,6364,3532,10050,15941,8387,23992,22578,24702,24307,16405,22679,13536,1602,8911,22117,17546,13520,11203,13277,4891,1033,35851,25783,14282,10670,18644,13188,20521,26976,23886,10454,4239,25340,17793,32758,19480,21676,10870,16421,4863,16117,10430,8794,5472,8464,18355,19912,26665,17416,17372,4992,1544,4743,2133,16213,17011,3389,3509,1944,3249,1700,3033,3063,7748,4789,3365,1703,4544,3042,1750,3231,2294,4279,3662,6809,3020,2874,19743,27024,1430,2830
2012,3,2012-03,MARZO,2676,5574,3021,2246,3177,7314,4007,9717,15943,7394,23128,21413,23701,23842,15663,23365,12894,1795,6857,21563,13147,9957,11843,11267,5479,1402,35321,25994,11581,9876,19420,12739,20467,26419,23240,9973,4369,24650,18022,31469,17385,16788,11143,16314,4913,15681,10946,9094,5783,8783,18160,19354,25127,16802,17634,4934,1581,4836,2148,16386,17312,3898,3587,2486,5083,1391,3098,4350,8010,4417,3791,1731,4346,2736,1788,3368,2299,4257,3669,6588,3187,2721,21929,29473,1513,2875
2012,4,2012-04,ABRIL,2311,5094,2797,2038,2805,5979,3636,9923,15543,7216,22711,20723,23607,23210,14857,23444,13393,1630,8335,21244,18390,15115,12832,13884,6026,1117,33457,24824,14173,9522,18048,13484,20537,23993,22723,9304,3847,23910,17238,29890,17410,21223,11053,16139,4734,15536,12703,8949,5095,8169,18001,20343,24408,16690,17151,5547,1491,4834,1733,15311,15785,2977,3569,1548,5320,1115,2685,3938,6823,3917,3924,1683,4323,2639,1711,3222,2403,4144,3919,6848,3074,2469,22745,29503,1512,2868
2012,5,2012-05,MAYO,2646,5020,2868,2122,3032,6864,3327,9787,15522,7199,23126,21524,23706,23299,15565,23359,14137,1642,8547,22454,13620,10940,11418,10721,6557,1440,33434,24273,13919,9159,19146,13390,20836,25334,22329,9889,4198,24160,17706,31567,17027,17810,10875,16142,4816,13872,11819,8711,4776,8071,17462,20065,24657,16138,16820,5651,1841,4913,2051,16289,17189,3230,3818,1679,6570,1389,2750,3602,7886,4421,3864,1709,4446,2886,1708,3234,2403,4163,3779,6836,3120,2631,21655,27929,1532,2863
2012,6,2012-06,JUNIO,2577,4837,2722,2178,4008,7672,4288,9582,16166,7881,21793,20932,21969,21745,15576,23501,13832,1325,8692,21226,13699,10744,10686,10775,7108,1127,33120,22150,13485,9701,18867,12721,20612,23138,21451,9907,4234,22908,17591,31356,16846,15536,10011,16545,3997,13027,12582,8383,4553,7809,16202,17136,24571,15523,15784,4736,1936,4860,2142,16589,17412,2606,3500,1214,7361,1331,2271,4509,7243,4813,3902,1711,4737,3733,1777,3361,2376,4109,3706,6392,3186,2837,21096,28141,1585,2944
2012,7,2012-07,JULIO,2478,4609,2668,2082,4044,6856,4797,9802,15827,7742,21918,19951,21706,21916,15352,21419,13994,1345,7670,22150,12707,9884,12038,9989,7243,1259,31789,24640,14074,9553,19130,13397,20340,23397,21920,9792,4132,22144,17634,30047,16863,15612,11210,16222,3942,12879,12758,8299,4491,7476,16145,16407,23525,14793,15419,5110,1944,4784,2028,16100,16320,2628,3063,979,10033,1283,2004,4062,7823,4107,3819,1694,4520,2747,1716,3220,2357,4069,3658,6662,3063,3058,23176,26902,1532,2954
2012,8,2012-08,AGOSTO,2742,5004,2652,2128,3449,7527,3954,9954,15437,7752,22028,20768,22574,21880,15679,22826,13446,1459,7680,21499,13909,10885,11669,10736,7612,1384,34395,23674,12265,10178,18811,12820,20697,23270,21952,10157,4315,22312,17699,30486,16861,17002,11727,15215,4028,12809,12644,8646,4148,7207,14952,17821,22578,13898,14724,5027,1901,4836,2369,15659,16499,2448,3912,900,9166,1341,2056,5199,6569,2578,4292,1694,4490,2877,1748,3284,2338,3919,3923,6662,3256,2724,21957,26432,1585,2871
2012,9,2012-09,SETIEMBRE,2545,5031,2713,2150,4380,7827,5721,9779,15899,7577,22907,21409,23753,23324,15823,22668,13312,1516,8039,21915,13201,10211,10666,11047,8000,1248,36032,24971,11897,11225,19709,12444,21337,23547,22628,10346,4063,23011,18168,33130,17099,16322,11438,14479,4000,12855,12439,8675,3378,6738,14699,17403,23054,13356,13817,5033,2089,4672,2250,15804,17523,2354,4014,819,7593,1630,2131,6375,4566,1789,3836,1645,4952,3004,1734,3302,2350,4018,3750,7094,3168,3007,20386,25865,1613,2918
2012,10,2012-10,OCTUBRE,2803,4935,2647,2150,3490,7723,5958,9762,15969,8270,23291,22302,24002,23622,15536,23067,13425,2202,8538,20323,15087,12104,10468,11691,7767,1111,36183,25636,12875,11838,19226,11957,21702,26207,22659,10360,3556,25656,18376,33740,16817,17244,11931,13406,3875,14156,12373,8940,3176,6099,14988,16582,23091,13220,13920,4712,2271,4784,2164,15704,16921,2268,3696,872,8868,1658,2241,5410,2482,2301,3506,1788,4782,2889,1678,2993,2207,3921,3783,7051,3288,3193,18717,24082,1585,2695
2012,11,2012-11,NOVIEMBRE,3065,4759,2638,2218,4105,7517,5467,9934,16037,8195,24306,21983,24522,24588,15295,24168,13722,1676,7372,22648,16131,13009,12106,12210,7278,1078,38963,26753,14077,10926,20246,12951,22113,27141,23984,11763,3596,26200,19145,33056,17401,18978,11668,14190,4123,16286,12781,10046,3741,6080,16099,17014,22153,15028,15593,5154,2079,4847,2161,16049,16602,3417,3903,912,8916,1691,2086,5967,2387,2060,3430,1635,4364,2882,1621,2809,2197,3825,3817,7197,3215,2831,19087,25545,1542,2772
2012,12,2012-12,DICIEMBRE,2923,4489,2682,2282,6255,7123,5642,9464,16372,7575,24648,23256,25335,24925,16162,23093,14847,1560,5595,23067,16942,13278,12464,12369,5934,1078,39612,27814,14706,8842,20750,13085,23113,29161,25271,12340,3133,26996,18899,31123,17596,20890,12255,11680,3881,16296,12889,10576,3672,5298,16647,18315,25138,14862,15670,5166,2036,4886,2259,15483,16156,3216,3702,1655,4794,2136,2366,6791,5269,2453,3529,1600,4785,2982,1453,2718,2081,3735,3806,7276,3183,2918,18004,23447,1585,2900
2013,1,2013-01,ENERO,3203,4579,2811,2400,5654,7560,6500,10102,15669,7510,23236,21916,23711,24207,16252,23726,15328,2675,6073,21572,17106,12372,11650,12648,6209,1226,42355,28231,14271,9773,22121,12592,20819,28301,25249,11525,3249,26622,19938,34802,17157,21052,12463,11886,3889,16779,12678,10961,3867,5442,15339,19129,23624,14663,16228,3978,1953,4950,2354,16004,17882,2946,4017,2093,7086,1848,2311,6257,8481,3923,3532,1799,4861,2910,1468,3065,2051,3696,3742,7485,3273,3254,16429,24489,1591,2871
2013,2,2013-02,FEBRERO,3184,3754,2729,2439,6014,6242,6283,10210,15785,7217,24063,22351,24276,23678,15707,23268,15151,1736,6842,21507,13003,10130,11566,9964,6242,1650,39043,28244,13819,9645,21355,13881,21895,28336,22784,11188,3356,25033,19433,35448,17546,16551,12749,11569,3958,16478,13638,10542,4157,6129,18462,19950,23457,15223,17626,5361,2060,4979,2148,15694,16651,2874,3660,1413,6892,1782,2331,4209,7078,4521,3611,1638,4342,2809,1478,2775,2064,3634,3693,7180,3227,2827,19030,25358,1583,2752
2013,3,2013-03,MARZO,2940,3636,2780,2400,4894,7274,5612,10183,14998,7616,24121,22629,24096,23520,15802,23358,15016,1415,5914,21644,12790,10030,12537,10302,6484,790,39962,27090,12940,9679,20998,13870,21503,28132,22313,12117,3145,25058,19888,33162,17115,16328,12896,12183,4208,17316,13600,10243,4393,8083,17568,19686,24756,16457,17357,5191,2009,4993,2308,16280,17452,2567,4647,1480,6622,1706,2307,3447,6249,5085,3703,1627,5237,2807,1536,2917,2070,3799,3565,7376,3052,3022,21670,27809,1589,2846
2013,4,2013-04,ABRIL,2771,3503,2980,2451,4764,7086,5980,9400,15614,7313,23085,21485,24105,23105,15301,23306,14910,1546,6332,22583,12347,9643,13016,9395,6321,1205,37308,26496,13907,9773,20769,13802,22043,24518,21736,12675,3792,23247,19331,31410,16875,16042,12743,11890,4363,16072,13060,10323,4681,8818,16706,19969,24987,14922,16247,6240,1967,5057,2196,15395,16283,2362,4082,1386,8075,1431,2049,3733,6145,5292,3716,1654,5001,2809,1602,3033,2260,3888,3809,7231,3235,2525,20367,29738,1636,2857
2013,5,2013-05,MAYO,2730,3357,2779,2446,4391,7117,6290,9196,15794,6939,23047,20861,23453,22937,15133,22824,13352,1392,6756,21923,12855,9719,12827,9215,6343,1250,37473,26567,14080,10548,20647,13351,20330,24404,21690,12345,3856,23851,18894,30179,15946,16158,12425,12313,4387,14969,13168,10421,5218,8873,16069,19393,25104,14133,15872,6037,2040,4997,2155,15746,16556,2274,3788,1576,7582,1343,2120,2755,6410,4608,3724,1842,4590,2787,1700,3158,2380,4135,3765,7459,3182,2688,20091,32961,1567,2813
2013,6,2013-06,JUNIO,2906,3562,2817,2434,5016,6930,6041,9747,15548,7271,23579,21832,23983,23310,15486,23189,14607,1522,6461,21914,12749,9881,12487,9719,6347,1224,38446,27099,13687,9911,20942,13726,21443,26347,22131,12081,3537,24297,19386,32550,16871,16270,12703,11989,4229,16209,13367,10382,4612,7976,17201,19750,24576,15184,16776,5707,2019,5007,2202,15779,16736,2519,4044,1464,7293,1566,2202,3536,6470,4876,3688,1690,4792,2803,1579,2971,2193,3864,3708,7312,3174,2766,20289,28967,1593,2817
2013,7,2013-07,JULIO,2700,3461,2779,2560,3953,6324,6690,9087,15706,6403,23797,22159,24321,24466,16049,23511,13960,1735,7872,22033,12066,9399,13676,9568,7019,1130,36902,26537,15024,11221,20996,14078,22049,24619,23496,13327,4372,24356,19188,30159,17806,15103,11387,12656,4712,11581,10237,9426,5650,9304,14491,17296,24505,13412,14281,5213,2047,4955,2141,15276,17870,1580,3950,1394,9651,1309,1963,2723,6004,2239,3736,1884,4968,2822,1706,3319,2359,4337,3829,7624,3172,2773,26761,36213,1640,2969
2013,8,2013-08,AGOSTO,2620,3021,2832,2711,4551,6189,6730,9769,16636,6453,24620,21921,24566,25365,15815,23852,13140,1640,8128,22552,11592,9219,13941,8339,7317,1128,37672,25850,14142,11689,20885,14929,21757,26015,23607,13022,3622,26333,19180,30962,16984,15193,11514,12963,4773,12394,10818,9782,5708,9246,14773,17207,25469,14446,15330,5004,2123,4883,2107,15533,17650,1501,4227,1043,10878,1289,2255,2872,9025,2629,3717,1697,4785,2814,1711,3346,2384,4373,3905,7918,3319,3054,23686,34467,1648,2972
2013,9,2013-09,SETIEMBRE,2403,3127,3091,3060,3935,6877,7251,9833,16856,6159,25842,22852,25718,26004,16518,24145,14253,1616,8452,22999,14171,11221,13910,10348,7483,1345,39412,27581,14481,12228,21326,14148,22682,27425,23906,12757,4020,25964,19158,32381,17921,17013,11723,13377,4457,12019,10979,9931,5542,9203,16001,18082,24792,16309,16655,5846,2324,4861,2275,15406,17809,1932,4076,858,10703,1428,2187,3860,6996,2115,3733,1666,4903,2860,1685,3329,2333,4347,4321,9044,3719,2926,23430,33793,1666,2744
2013,10,2013-10,OCTUBRE,2634,3484,3572,3780,4857,7443,7233,10084,16993,6669,27554,24537,27867,27123,17550,24159,14208,1810,9236,21886,16069,12264,14447,12540,7787,1097,41335,28513,15238,13286,21735,14130,24117,28261,25501,12950,4440,28853,19930,33322,18360,19261,11740,13955,4006,12846,10287,9946,5212,9159,19605,19129,25665,17844,17173,5093,2444,5061,2276,16445,18209,2288,3621,860,9473,1516,2402,3934,8202,2488,3916,1690,4468,3002,1765,3377,2353,4349,4427,9331,3934,2950,24762,34685,1595,2877
2013,11,2013-11,NOVIEMBRE,2729,3231,3569,3077,4709,7500,7203,10091,17048,7578,26958,24492,28875,29358,18530,24683,16283,2090,9263,23007,16913,12432,12417,13042,8154,1102,43196,31679,15507,13220,21800,14321,25132,31291,29982,12665,4532,30265,20363,34943,18593,20193,12178,14630,3949,13549,11109,9937,5061,9095,19096,20575,26580,18400,18466,4988,3778,4762,2376,16555,17907,2994,3838,967,5575,2133,3068,4300,7517,3457,3741,1828,5128,3105,1736,3357,2415,4233,4548,10571,3876,3181,24209,35017,1642,2858
2013,12,2013-12,DICIEMBRE,2564,3242,3661,3534,5246,6935,8832,9733,17126,6653,28314,24813,28868,28717,17720,25203,15097,1996,8981,23300,18288,14260,14010,12926,7822,1344,43468,32051,15751,11653,22505,14184,24705,30346,25669,12842,3719,29854,20487,34702,19809,21590,11831,14707,3747,12823,11524,10332,5064,8128,18671,20874,25597,16879,18773,5159,2260,4827,2531,16059,17920,4411,3487,1367,3948,2066,2918,5240,5846,4277,3732,1697,5061,3224,1700,3337,2408,4256,4573,9102,4024,2981,20782,31375,1612,2846
2014,1,2014-01,ENERO,2751,3538,3661,3408,4400,7174,9881,9927,17079,6348,25389,24351,28644,29129,18414,24397,14734,1947,8944,22603,15942,12001,13955,12932,7820,1104,45029,32567,14998,11247,21373,13670,25088,31881,29389,14363,4545,30467,20313,34502,19001,20494,11159,14449,4059,13151,11021,11074,4897,7822,18271,22246,26029,18078,18578,6108,2277,5024,2418,16828,17281,4554,3286,1645,3682,2665,3028,4588,5830,5460,3759,2126,5245,3146,1721,3306,2439,4348,4448,9809,3917,3304,19887,30408,1672,2896
2014,2,2014-02,FEBRERO,2954,3368,3604,3427,3810,7070,10115,10223,17220,6048,25670,24952,27534,28970,18842,25530,14718,1693,9010,20657,14754,11968,13480,12672,7916,1024,41714,32734,15554,11682,20372,13554,25162,30192,29152,13782,4730,29952,20172,33436,19293,19974,11422,14240,4823,13265,10235,10852,4320,7778,18096,20720,27240,17176,18830,5590,2200,5000,2504,18278,17838,3900,3556,1904,3336,2568,3108,4386,5886,5618,3754,2120,5425,3122,1670,3300,2350,4370,4465,10000,3852,3658,20044,31774,1725,3017
2014,3,2014-03,MARZO,2284,3593,3988,3510,4497,6665,10228,9901,16944,6242,26365,24920,27494,26713,17770,24825,14977,1557,8520,23251,14645,10157,12996,11223,7947,1513,45471,32419,13951,11501,22544,14099,24009,30218,27485,12223,4036,30167,20756,34161,17385,18760,11379,14713,4224,13008,11559,10935,4688,8393,18502,21387,24789,17810,19154,4735,2342,4855,2440,18623,19472,4263,3510,2713,4325,2512,3725,4476,9237,6062,3885,1943,5475,3179,1781,3444,2454,4428,4556,9498,4070,3177,22888,33074,1623,2973
2014,4,2014-04,ABRIL,2160,3753,3986,3596,4500,5787,11330,9960,17010,6597,26313,24236,27270,27322,18186,24257,15259,1443,7916,23178,15034,10336,14433,10882,7829,1391,43304,32471,13638,10414,22097,14354,24903,29280,26980,11130,4150,29844,20234,34271,17793,18416,12840,14775,4314,12693,11010,10990,4796,8470,19016,21618,25790,18524,19453,5615,2327,4776,2497,17869,20409,4302,3486,3141,4010,2693,3757,4370,7329,5796,3983,1863,5394,3082,1798,3515,2611,4459,4477,9294,3933,3255,24509,33252,1592,2773
2014,5,2014-05,MAYO,2430,3718,3790,3433,3643,6777,10945,9698,16898,7026,28592,24674,28654,28674,18392,23990,13968,1497,8895,22743,13732,10934,13982,11152,8660,1315,47674,33372,13572,10820,23240,13590,24764,31576,26590,11584,3652,31538,20740,42754,19293,17172,13490,17863,3810,14080,12522,10836,3500,9015,18452,22752,26812,17970,18192,4623,3133,5039,2332,16854,18228,2914,3534,2036,8542,2422,2908,6104,7408,5122,4670,1810,5248,3116,1773,3481,2745,4730,4690,9842,4022,3178,29730,35294,1907,2752
2014,6,2014-06,JUNIO,3355,3680,3790,3505,4200,7027,12245,10338,17158,6663,26892,24974,27972,25474,18190,24372,14968,1810,9332,24554,14352,10114,13602,11372,10462,1172,43674,32772,14172,12674,22772,13772,25256,31492,26772,11742,3970,30754,20572,33892,19445,18072,13268,18650,3816,13766,12614,11586,4608,8786,19452,19770,27132,17692,17852,4814,2304,4966,2230,16321,17170,2322,3094,1898,9886,2042,2958,5310,8273,3608,4650,2320,5420,3290,1863,3272,2410,4644,4542,9574,4002,3290,28468,36186,2047,2456
2014,7,2014-07,JULIO,2815,3740,3615,3255,3697,7320,12295,9748,17160,7385,28528,25754,30132,26845,19052,23370,14154,2160,9994,23172,16532,11732,13764,12172,11334,1374,43290,32170,14368,13818,21772,13572,23774,27492,26572,12032,3750,31772,22772,35892,19495,19572,13674,18762,3808,14028,12336,10200,3776,8600,19632,22752,27132,18052,19088,4810,3294,5480,2350,17356,15892,2324,4638,1992,8494,2102,3014,4750,6558,3274,4620,1810,4810,3500,1764,3326,2934,4518,4650,9164,4002,2862,28578,37778,1645,2640
2014,8,2014-08,AGOSTO,2634,3187,3228,3159,3793,6508,7048,9867,16660,6156,26313,23490,25919,25883,16556,24356,14770,1560,8515,23673,14976,12058,13867,10404,7535,1259,39556,28556,14606,11513,21199,14056,22693,27913,24157,12497,3783,25406,19556,31984,18218,17977,12291,13389,4253,12166,10436,10007,5327,9249,14233,17919,25833,16897,16449,4740,2138,4947,2330,15846,17578,1744,3826,773,10327,1554,2251,5011,6518,2003,3704,1700,4398,2851,1730,3366,2394,4287,4370,8850,3811,3209,24039,34433,1619,2603
2014,9,2014-09,SETIEMBRE,2793,3683,3730,3627,2233,8273,10475,10313,17275,6783,24160,26240,27343,27345,19345,24468,15745,2163,10308,23627,13643,9627,14977,13545,11508,1177,44293,29240,16195,14020,22543,15945,25958,28593,26968,14470,3408,32320,20820,35657,19990,16718,13635,18560,3608,12870,13395,11000,3330,8633,20920,21920,29545,22220,19745,4857,2595,5198,2783,16743,18058,1157,2998,1223,9058,2183,3148,3935,6763,2848,4485,1723,4875,3575,1750,3393,2708,4708,5458,9798,4358,3538,30700,38973,1873,2675
2014,10,2014-10,OCTUBRE,2805,3695,4090,3010,3525,7697,11697,10308,17158,6810,28480,24228,25858,25170,19466,24938,14198,1973,6828,23354,13610,10610,14114,12858,10906,1174,44930,34138,13738,12726,24068,13946,25030,31130,27550,13659,3738,30088,21188,38098,19600,19014,11900,16380,3100,12500,12320,10308,4800,8340,19724,22736,26633,18866,18566,5320,2328,5220,2442,16440,17870,1750,5363,1320,9630,2170,3210,3760,4980,4470,4198,1700,5538,3360,1888,3504,2706,4606,4482,9176,3764,2998,27478,35160,1870,2518
2014,11,2014-11,NOVIEMBRE,2160,3753,3986,3596,4500,5787,11330,9960,17010,6597,26313,24236,27270,27322,18186,24257,15259,1443,7916,23178,15034,10336,14433,10882,7829,1391,43304,32471,13638,10414,22097,14354,24903,29280,26980,11130,4150,29844,20234,34271,17793,18416,12840,14775,4314,12693,11010,10990,4796,8470,19016,21618,22990,18524,19453,5615,2327,4776,2497,17869,20409,4302,3486,3141,4010,2693,3757,4370,7329,5796,3983,1863,5394,3082,1798,3515,2611,4459,4477,9294,3933,3255,24509,33252,1592,2773
2014,12,2014-12,DICIEMBRE,2973,3508,4053,3355,5580,8893,10935,10160,17108,7438,26658,24505,26505,28210,18185,24405,16778,2470,9107,23190,17293,12372,13632,13725,7695,1132,42392,31877,14225,11960,21490,14140,25550,32227,27823,14467,4052,29625,20323,33493,19445,20810,11622,14640,3826,13205,11578,11078,5140,7768,20642,22602,26390,19123,19902,4990,2302,5057,2324,16832,18466,4898,3808,1558,3762,2772,3040,5037,4327,4643,3690,1600,5142,3030,1730,3344,2583,4420,4568,9942,3982,3567,20262,32380,1598,2742
2015,1,2015-01,ENERO,2744,3398,3054,2808,4757,6902,6740,9758,16191,7011,24998,22721,25466,25235,16328,23772,14543,1682,7658,22304,13895,10745,13167,10487,7029,1206,39474,27973,14416,11169,21269,14038,22514,27245,23892,12543,3854,26101,19567,32656,17620,17246,12172,12930,4254,14205,11981,10115,5027,8547,17149,19265,25044,15746,16778,5440,2279,4944,2247,15833,17368,2482,3947,1255,7881,1597,2346,3692,6904,3781,3729,1719,4843,2895,1654,3175,2293,4111,4013,8195,3447,2881,22280,31853,1615,2850
2015,2,2015-02,FEBRERO,2634,3484,3572,3780,4857,7443,7233,10084,16993,6669,27554,24537,27867,27123,17550,24159,14208,1810,9236,21886,16069,12264,14447,12540,7787,1097,41335,28513,15238,13286,21735,14130,24117,28261,25501,12950,4440,28853,19930,33322,18360,19261,11740,13955,4006,12846,10287,9946,5212,9159,19605,19129,25665,17844,17173,5093,2444,5061,2276,16445,18209,2288,3621,860,9473,1516,2402,3934,8202,2488,3916,1690,4468,3002,1765,3377,2353,4349,4427,9331,3934,2950,24762,34685,1595,2877
2015,3,2015-03,MARZO,2729,3231,3569,3077,4709,7500,7203,10091,17048,7578,26958,24492,28875,29358,18530,24683,16283,2090,9263,23007,16913,12432,12417,13042,8154,1102,43196,31679,15507,13220,21800,14321,25132,31291,29982,12665,4532,30265,20363,34943,18593,20193,12178,14630,3949,13549,11109,9937,5061,9095,19096,20575,26580,18400,18466,4988,3778,4762,2376,16555,17907,2994,3838,967,5575,2133,3068,4300,7517,3457,3741,1828,5128,3105,1736,3357,2415,4233,4548,10571,3876,3181,24209,35017,1642,2858
2015,4,2015-04,ABRIL,2564,3242,3661,3534,5246,6935,8832,9733,17126,6653,28314,24813,28868,28717,17720,25203,15097,1996,8981,23300,18288,14260,14010,12926,7822,1344,43468,32051,15751,11653,22505,14184,24705,30346,25669,12842,3719,29854,20487,34702,19809,21590,11831,14707,3747,12823,11524,10332,5064,8128,18671,20874,25597,16879,18773,5159,2260,4827,2531,16059,17920,4411,3487,1367,3948,2066,2918,5240,5846,4277,3732,1697,5061,3224,1700,3337,2408,4256,4573,9102,4024,2981,20782,31375,1612,2846
2015,5,2015-05,MAYO,3355,3680,3790,3505,4200,7027,12245,10338,17158,6663,26892,24974,27972,25474,18190,24372,14968,1810,9332,24554,14352,10114,13602,11372,10462,1172,43674,32772,14172,12674,22772,13772,25256,31492,26772,11742,3970,30754,20572,33892,19445,18072,13268,18650,3816,13766,12614,11586,4608,8786,19452,19770,27132,17692,17852,4814,2304,4966,2230,16321,17170,2322,3094,1898,9886,2042,2958,5310,8273,3608,4650,1870,5420,3290,1863,3272,2410,4644,4542,9574,4012,3290,28468,36186,2047,2456
2015,6,2015-06,JUNIO,2973,3508,4053,3355,5580,8893,10935,10160,17108,7438,26658,24505,26505,28210,18185,24405,16778,2470,9107,23190,17293,12372,13632,13725,7695,1132,42392,31877,14225,11960,21490,14140,25550,32227,27823,14467,4052,29625,20323,33493,19445,20810,11622,14640,3826,13205,11578,11078,5140,7768,20642,22602,26390,19123,19902,4990,2302,5057,2324,16832,18466,4898,3808,1558,3762,2772,3040,5037,4327,4643,3690,1600,5142,3030,1730,3344,2583,4420,4568,9942,3982,3567,20262,32380,1598,2742
2015,7,2015-07,JULIO,2513,3563,3325,1933,3550,8617,12625,10200,17900,6500,27460,25550,29440,30540,17980,23530,15175,1500,8250,22330,13240,9840,12250,14260,9670,960,47330,33900,16530,10713,23540,13930,25640,34188,26340,12938,4925,31860,22140,35740,16917,17290,8720,15020,3490,14000,9580,11190,5088,7563,18440,20870,27175,15958,18450,5225,2840,5200,2020,17170,18650,1900,10630,1910,9070,1850,3200,4340,8050,2800,3820,1680,6060,3400,1610,2950,2650,4670,4210,10290,3710,2800,30670,37640,1820,2540
2015,8,2015-08,AGOSTO,2300,3388,3388,1713,3900,8275,11500,10190,17920,6380,26900,23480,27220,23110,18540,24320,15550,1667,8500,23400,13640,9140,12173,13440,10090,1200,45460,31900,15180,11390,23490,15448,24480,27440,25680,12663,5388,28680,21280,36638,19050,18140,9650,15120,3530,13360,9400,11600,4500,8460,16140,18940,23688,16540,17340,5000,3330,5200,1890,12550,13910,2450,6550,1210,6500,1180,3430,4510,9060,1950,3780,1650,6080,3166,1620,3000,2730,3990,4280,9360,3706,3160,27060,36390,1830,2690
